{"cameraMode":{"drawMode":0,"name":"Shaded","section":"Shading Mode"},"sceneLighting":false,"audioPlay":false,"sceneViewState":{"showFog":true,"showMaterialUpdate":true,"showSkybox":false,"showFlares":true,"showImageEffects":true,"showParticleSystems":true},"in2DMode":false,"pivot":{"x":-22.799999237060548,"y":-2.7899999618530275,"z":6.599999904632568},"rotation":{"x":-0.01949748769402504,"y":0.6643292903900147,"z":-0.017343372106552125,"w":-0.7469928860664368},"size":10.0,"orthographic":false}