{"cameraMode":{"drawMode":0,"name":"Shaded","section":"Shading Mode"},"sceneLighting":false,"audioPlay":false,"sceneViewState":{"showFog":true,"showMaterialUpdate":true,"showSkybox":false,"showFlares":true,"showImageEffects":true,"showParticleSystems":true},"in2DMode":false,"pivot":{"x":0.0000057220458984375,"y":0.9359624981880188,"z":-11.166997909545899},"rotation":{"x":-0.1223253384232521,"y":0.7335366010665894,"z":-0.13712911307811738,"w":-0.6543424129486084},"size":1.4100655317306519,"orthographic":false}