{"cameraMode":{"drawMode":0,"name":"Shaded","section":"Shading Mode"},"sceneLighting":true,"audioPlay":false,"sceneViewState":{"showFog":true,"showMaterialUpdate":true,"showSkybox":true,"showFlares":true,"showImageEffects":true,"showParticleSystems":true},"in2DMode":false,"pivot":{"x":397.42791748046877,"y":24.165414810180665,"z":360.19134521484377},"rotation":{"x":0.13586068153381349,"y":-0.8605629205703735,"z":0.38678178191185,"w":0.30228060483932497},"size":0.7411143183708191,"orthographic":false}