{"cameraMode":{"drawMode":0,"name":"Shaded","section":"Shading Mode"},"sceneLighting":false,"audioPlay":false,"sceneViewState":{"showFog":true,"showMaterialUpdate":true,"showSkybox":false,"showFlares":true,"showImageEffects":true,"showParticleSystems":true},"in2DMode":false,"pivot":{"x":0.0000057220458984375,"y":0.940462589263916,"z":-11.166997909545899},"rotation":{"x":0.0939711257815361,"y":-0.7137050628662109,"z":0.09759249538183212,"w":0.687221348285675},"size":1.4128400087356568,"orthographic":false}