{"cameraMode":{"drawMode":0,"name":"Shaded","section":"Shading Mode"},"sceneLighting":false,"audioPlay":false,"sceneViewState":{"showFog":true,"showMaterialUpdate":true,"showSkybox":false,"showFlares":true,"showImageEffects":true,"showParticleSystems":true},"in2DMode":false,"pivot":{"x":30.727825164794923,"y":1.094710111618042,"z":46.18703079223633},"rotation":{"x":0.0939711257815361,"y":-0.7137050628662109,"z":0.09759249538183212,"w":0.687221348285675},"size":117.4552230834961,"orthographic":false}