{"cameraMode":{"drawMode":0,"name":"Shaded","section":"Shading Mode"},"sceneLighting":false,"audioPlay":false,"sceneViewState":{"showFog":true,"showMaterialUpdate":true,"showSkybox":false,"showFlares":true,"showImageEffects":true,"showParticleSystems":true},"in2DMode":false,"pivot":{"x":68.80050659179688,"y":-14.821601867675782,"z":18.700000762939454},"rotation":{"x":-0.04288468882441521,"y":0.7745798826217651,"z":-0.052830833941698077,"w":-0.6288147568702698},"size":2.4741220474243166,"orthographic":false}